"","Rat","w_final_1_1","z_final_1_1","w_final_1_11","z_final_1_11","w_final_1_18","z_final_1_18"
"1",4,7.38495370625094,3.47831047161913,18.1091915543703,1.01929711720567,16.3871682960681,1.10951332855934
"2",5,15.8258451843603,1.89447458013224,79.0423687369511,0.180920590955423,106.09036674345,0.111418467408786
"3",8,10.1623260238191,3.27728087177885,24.3458953526225,0.534170556438198,29.3806250029603,0.57194871409218
"4",9,8.03683497502705,1.64780768433365,24.8206905179618,0.22863638933522,26.0073338993111,0.172089310843898
"5",10,6.93582833910127,2.92069909786139,10.8199082742222,0.633386969740167,13.0217144375926,0.997057934426703
"6",13,8.84441368711437,1.48907662659395,58.66571206806,0.223885811714156,55.6397355645079,0.183865159169989
"7",14,15.1800630560676,0.382495416189693,90.6417573934184,0.0388877349995148,103.146088597912,0.0575812938828583
"8",15,10.2168773808506,0.362474749300226,79.0354959363127,0.0468309126040349,94.0159451113184,0.0418186454973077
